"","method","k_num","ptime","k_orig","e","n","LOINC"
"1","BIC_kluster_mean",3,0.12364000000176,3,0,2155,"13457-7"
"2","cal_kluster_mean",15,1.1709400000039,3,12,2155,"13457-7"
"3","pam_kluster_mean",6,0.0352999999979511,3,3,2155,"13457-7"
"4","ap_kluster_mean",8,0.0371499999955995,3,5,2155,"13457-7"
"5","BIC_kluster_frq",3,0.12364000000176,3,0,2155,"13457-7"
"6","cal_kluster_frq",15,1.1709400000039,3,12,2155,"13457-7"
"7","pam_kluster_frq",2,0.0352999999979511,3,-1,2155,"13457-7"
"8","ap_kluster_frq",8,0.0371499999955995,3,5,2155,"13457-7"
"9","BIC_kluster_mean",4,0.0660299999971176,3,1,1322,"13969-1"
"10","cal_kluster_mean",14,1.33717999999993,3,11,1322,"13969-1"
"11","pam_kluster_mean",2,0.028959999998915,3,-1,1322,"13969-1"
"12","ap_kluster_mean",14,0.056650000003865,3,11,1322,"13969-1"
"13","BIC_kluster_frq",3,0.0660299999971176,3,0,1322,"13969-1"
"14","cal_kluster_frq",15,1.33717999999993,3,12,1322,"13969-1"
"15","pam_kluster_frq",2,0.028959999998915,3,-1,1322,"13969-1"
"16","ap_kluster_frq",13,0.056650000003865,3,10,1322,"13969-1"
"17","BIC_kluster_mean",3,0.0500700000027427,3,0,17484,"1742-6"
"18","cal_kluster_mean",15,1.16842999999702,3,12,17484,"1742-6"
"19","pam_kluster_mean",2,0.0274399999994785,3,-1,17484,"1742-6"
"20","ap_kluster_mean",12,0.0542600000009406,3,9,17484,"1742-6"
"21","BIC_kluster_frq",3,0.0500700000027427,3,0,17484,"1742-6"
"22","cal_kluster_frq",15,1.16842999999702,3,12,17484,"1742-6"
"23","pam_kluster_frq",2,0.0274399999994785,3,-1,17484,"1742-6"
"24","ap_kluster_frq",12,0.0542600000009406,3,9,17484,"1742-6"
"25","BIC_kluster_mean",3,0.0972400000010384,3,0,17257,"1751-7"
"26","cal_kluster_mean",15,0.92938000000082,3,12,17257,"1751-7"
"27","pam_kluster_mean",4,0.0236900000000605,3,1,17257,"1751-7"
"28","ap_kluster_mean",7,0.0509099999943282,3,4,17257,"1751-7"
"29","BIC_kluster_frq",3,0.0972400000010384,3,0,17257,"1751-7"
"30","cal_kluster_frq",15,0.92938000000082,3,12,17257,"1751-7"
"31","pam_kluster_frq",2,0.0236900000000605,3,-1,17257,"1751-7"
"32","ap_kluster_frq",7,0.0509099999943282,3,4,17257,"1751-7"
"33","BIC_kluster_mean",3,0.131379999999772,3,0,31482,"17861-6"
"34","cal_kluster_mean",15,0.944029999998747,3,12,31482,"17861-6"
"35","pam_kluster_mean",8,0.0230600000015693,3,5,31482,"17861-6"
"36","ap_kluster_mean",8,0.0513999999995576,3,5,31482,"17861-6"
"37","BIC_kluster_frq",3,0.131379999999772,3,0,31482,"17861-6"
"38","cal_kluster_frq",15,0.944029999998747,3,12,31482,"17861-6"
"39","pam_kluster_frq",10,0.0230600000015693,3,7,31482,"17861-6"
"40","ap_kluster_frq",7,0.0513999999995576,3,4,31482,"17861-6"
"41","BIC_kluster_mean",3,0.0461199999984819,3,0,16979,"1920-8"
"42","cal_kluster_mean",15,1.17994999999937,3,12,16979,"1920-8"
"43","pam_kluster_mean",2,0.0269000000040978,3,-1,16979,"1920-8"
"44","ap_kluster_mean",12,0.0572499999997672,3,9,16979,"1920-8"
"45","BIC_kluster_frq",3,0.0461199999984819,3,0,16979,"1920-8"
"46","cal_kluster_frq",15,1.17994999999937,3,12,16979,"1920-8"
"47","pam_kluster_frq",2,0.0269000000040978,3,-1,16979,"1920-8"
"48","ap_kluster_frq",12,0.0572499999997672,3,9,16979,"1920-8"
"49","BIC_kluster_mean",3,0.056579999999376,3,0,442,"1959-6"
"50","cal_kluster_mean",15,0.985120000002207,3,12,442,"1959-6"
"51","pam_kluster_mean",9,0.019910000001546,3,6,442,"1959-6"
"52","ap_kluster_mean",9,0.0606399999983842,3,6,442,"1959-6"
"53","BIC_kluster_frq",3,0.056579999999376,3,0,442,"1959-6"
"54","cal_kluster_frq",15,0.985120000002207,3,12,442,"1959-6"
"55","pam_kluster_frq",10,0.019910000001546,3,7,442,"1959-6"
"56","ap_kluster_frq",9,0.0606399999983842,3,6,442,"1959-6"
"57","BIC_kluster_mean",4,0.0375100000022212,3,1,16511,"1975-2"
"58","cal_kluster_mean",15,0.891120000001974,3,12,16511,"1975-2"
"59","pam_kluster_mean",2,0.0183600000006845,3,-1,16511,"1975-2"
"60","ap_kluster_mean",13,0.0589999999967404,3,10,16511,"1975-2"
"61","BIC_kluster_frq",3,0.0375100000022212,3,0,16511,"1975-2"
"62","cal_kluster_frq",15,0.891120000001974,3,12,16511,"1975-2"
"63","pam_kluster_frq",2,0.0183600000006845,3,-1,16511,"1975-2"
"64","ap_kluster_frq",14,0.0589999999967404,3,11,16511,"1975-2"
"65","BIC_kluster_mean",3,0.0993199999991339,3,0,33696,"2028-9"
"66","cal_kluster_mean",15,1.08723999999871,3,12,33696,"2028-9"
"67","pam_kluster_mean",9,0.0280700000008801,3,6,33696,"2028-9"
"68","ap_kluster_mean",8,0.0409200000017881,3,5,33696,"2028-9"
"69","BIC_kluster_frq",3,0.0993199999991339,3,0,33696,"2028-9"
"70","cal_kluster_frq",15,1.08723999999871,3,12,33696,"2028-9"
"71","pam_kluster_frq",10,0.0280700000008801,3,7,33696,"2028-9"
"72","ap_kluster_frq",8,0.0409200000017881,3,5,33696,"2028-9"
"73","BIC_kluster_mean",3,0.0624299999966752,3,0,33225,"2075-0"
"74","cal_kluster_mean",15,1.00485999999975,3,12,33225,"2075-0"
"75","pam_kluster_mean",10,0.019810000002617,3,7,33225,"2075-0"
"76","ap_kluster_mean",8,0.0642399999982445,3,5,33225,"2075-0"
"77","BIC_kluster_frq",3,0.0624299999966752,3,0,33225,"2075-0"
"78","cal_kluster_frq",15,1.00485999999975,3,12,33225,"2075-0"
"79","pam_kluster_frq",10,0.019810000002617,3,7,33225,"2075-0"
"80","ap_kluster_frq",8,0.0642399999982445,3,5,33225,"2075-0"
"81","BIC_kluster_mean",3,0.101419999997015,3,0,407,"2085-9"
"82","cal_kluster_mean",15,1.15120000000112,3,12,407,"2085-9"
"83","pam_kluster_mean",5,0.0294200000003912,3,2,407,"2085-9"
"84","ap_kluster_mean",8,0.0481700000027195,3,5,407,"2085-9"
"85","BIC_kluster_frq",3,0.101419999997015,3,0,407,"2085-9"
"86","cal_kluster_frq",15,1.15120000000112,3,12,407,"2085-9"
"87","pam_kluster_frq",2,0.0294200000003912,3,-1,407,"2085-9"
"88","ap_kluster_frq",8,0.0481700000027195,3,5,407,"2085-9"
"89","BIC_kluster_mean",3,0.128840000000782,3,0,6138,"2093-3"
"90","cal_kluster_mean",15,1.19092000000295,3,12,6138,"2093-3"
"91","pam_kluster_mean",6,0.036359999999404,3,3,6138,"2093-3"
"92","ap_kluster_mean",8,0.0362099999981001,3,5,6138,"2093-3"
"93","BIC_kluster_frq",3,0.128840000000782,3,0,6138,"2093-3"
"94","cal_kluster_frq",15,1.19092000000295,3,12,6138,"2093-3"
"95","pam_kluster_frq",10,0.036359999999404,3,7,6138,"2093-3"
"96","ap_kluster_frq",8,0.0362099999981001,3,5,6138,"2093-3"
"97","BIC_kluster_mean",4,0.0731299999979092,3,1,2492,"2157-6"
"98","cal_kluster_mean",13,1.65599000000162,3,10,2492,"2157-6"
"99","pam_kluster_mean",2,0.0296300000004703,3,-1,2492,"2157-6"
"100","ap_kluster_mean",14,0.0494300000008661,3,11,2492,"2157-6"
"101","BIC_kluster_frq",3,0.0731299999979092,3,0,2492,"2157-6"
"102","cal_kluster_frq",15,1.65599000000162,3,12,2492,"2157-6"
"103","pam_kluster_frq",2,0.0296300000004703,3,-1,2492,"2157-6"
"104","ap_kluster_frq",14,0.0494300000008661,3,11,2492,"2157-6"
"105","BIC_kluster_mean",3,0.137029999998049,3,0,34420,"2160-0"
"106","cal_kluster_mean",15,1.32923000000184,3,12,34420,"2160-0"
"107","pam_kluster_mean",2,0.0339400000008754,3,-1,34420,"2160-0"
"108","ap_kluster_mean",11,0.0464999999955762,3,8,34420,"2160-0"
"109","BIC_kluster_frq",3,0.137029999998049,3,0,34420,"2160-0"
"110","cal_kluster_frq",15,1.32923000000184,3,12,34420,"2160-0"
"111","pam_kluster_frq",2,0.0339400000008754,3,-1,34420,"2160-0"
"112","ap_kluster_frq",11,0.0464999999955762,3,8,34420,"2160-0"
"113","BIC_kluster_mean",3,0.1187000000017,3,0,645,"2339-0"
"114","cal_kluster_mean",15,1.23495000000228,3,12,645,"2339-0"
"115","pam_kluster_mean",6,0.0367499999969732,3,3,645,"2339-0"
"116","ap_kluster_mean",8,0.0413099999993574,3,5,645,"2339-0"
"117","BIC_kluster_frq",3,0.1187000000017,3,0,645,"2339-0"
"118","cal_kluster_frq",15,1.23495000000228,3,12,645,"2339-0"
"119","pam_kluster_frq",2,0.0367499999969732,3,-1,645,"2339-0"
"120","ap_kluster_frq",8,0.0413099999993574,3,5,645,"2339-0"
"121","BIC_kluster_mean",3,0.0793899999989662,3,0,2385,"2532-0"
"122","cal_kluster_mean",14,1.47966000000015,3,11,2385,"2532-0"
"123","pam_kluster_mean",2,0.0349900000030175,3,-1,2385,"2532-0"
"124","ap_kluster_mean",12,0.0481700000003912,3,9,2385,"2532-0"
"125","BIC_kluster_frq",3,0.0793899999989662,3,0,2385,"2532-0"
"126","cal_kluster_frq",15,1.47966000000015,3,12,2385,"2532-0"
"127","pam_kluster_frq",2,0.0349900000030175,3,-1,2385,"2532-0"
"128","ap_kluster_frq",12,0.0481700000003912,3,9,2385,"2532-0"
"129","BIC_kluster_mean",3,0.108210000001709,3,0,6206,"2571-8"
"130","cal_kluster_mean",15,1.31299000000174,3,12,6206,"2571-8"
"131","pam_kluster_mean",3,0.0379599999991478,3,0,6206,"2571-8"
"132","ap_kluster_mean",9,0.0403299999976298,3,6,6206,"2571-8"
"133","BIC_kluster_frq",3,0.108210000001709,3,0,6206,"2571-8"
"134","cal_kluster_frq",15,1.31299000000174,3,12,6206,"2571-8"
"135","pam_kluster_frq",2,0.0379599999991478,3,-1,6206,"2571-8"
"136","ap_kluster_frq",8,0.0403299999976298,3,5,6206,"2571-8"
"137","BIC_kluster_mean",3,0.0766299999988405,3,0,10603,"26449-9"
"138","cal_kluster_mean",15,1.12539999999688,3,12,10603,"26449-9"
"139","pam_kluster_mean",4,0.0282500000012806,3,1,10603,"26449-9"
"140","ap_kluster_mean",9,0.055050000003539,3,6,10603,"26449-9"
"141","BIC_kluster_frq",3,0.0766299999988405,3,0,10603,"26449-9"
"142","cal_kluster_frq",15,1.12539999999688,3,12,10603,"26449-9"
"143","pam_kluster_frq",2,0.0282500000012806,3,-1,10603,"26449-9"
"144","ap_kluster_frq",9,0.055050000003539,3,6,10603,"26449-9"
"145","BIC_kluster_mean",3,0.0671699999994598,3,0,11095,"26450-7"
"146","cal_kluster_mean",15,1.08784999999916,3,12,11095,"26450-7"
"147","pam_kluster_mean",9,0.0242900000006193,3,6,11095,"26450-7"
"148","ap_kluster_mean",8,0.0501399999996647,3,5,11095,"26450-7"
"149","BIC_kluster_frq",3,0.0671699999994598,3,0,11095,"26450-7"
"150","cal_kluster_frq",15,1.08784999999916,3,12,11095,"26450-7"
"151","pam_kluster_frq",10,0.0242900000006193,3,7,11095,"26450-7"
"152","ap_kluster_frq",8,0.0501399999996647,3,5,11095,"26450-7"
"153","BIC_kluster_mean",3,0.163899999997811,3,0,10915,"26474-7"
"154","cal_kluster_mean",15,1.36842000000062,3,12,10915,"26474-7"
"155","pam_kluster_mean",6,0.0384700000064913,3,3,10915,"26474-7"
"156","ap_kluster_mean",9,0.0375899999990361,3,6,10915,"26474-7"
"157","BIC_kluster_frq",3,0.163899999997811,3,0,10915,"26474-7"
"158","cal_kluster_frq",15,1.36842000000062,3,12,10915,"26474-7"
"159","pam_kluster_frq",2,0.0384700000064913,3,-1,10915,"26474-7"
"160","ap_kluster_frq",9,0.0375899999990361,3,6,10915,"26474-7"
"161","BIC_kluster_mean",3,0.137350000001607,3,0,10807,"26478-8"
"162","cal_kluster_mean",15,1.24700000000186,3,12,10807,"26478-8"
"163","pam_kluster_mean",6,0.0370600000018021,3,3,10807,"26478-8"
"164","ap_kluster_mean",8,0.0408699999953387,3,5,10807,"26478-8"
"165","BIC_kluster_frq",3,0.137350000001607,3,0,10807,"26478-8"
"166","cal_kluster_frq",15,1.24700000000186,3,12,10807,"26478-8"
"167","pam_kluster_frq",2,0.0370600000018021,3,-1,10807,"26478-8"
"168","ap_kluster_frq",8,0.0408699999953387,3,5,10807,"26478-8"
"169","BIC_kluster_mean",3,0.278350000001374,3,0,10760,"26484-6"
"170","cal_kluster_mean",15,1.26404999999679,3,12,10760,"26484-6"
"171","pam_kluster_mean",5,0.0333299999992596,3,2,10760,"26484-6"
"172","ap_kluster_mean",9,0.0453099999966798,3,6,10760,"26484-6"
"173","BIC_kluster_frq",3,0.278350000001374,3,0,10760,"26484-6"
"174","cal_kluster_frq",15,1.26404999999679,3,12,10760,"26484-6"
"175","pam_kluster_frq",2,0.0333299999992596,3,-1,10760,"26484-6"
"176","ap_kluster_frq",9,0.0453099999966798,3,6,10760,"26484-6"
"177","BIC_kluster_mean",3,0.0822700000007171,3,0,11344,"26485-3"
"178","cal_kluster_mean",15,1.14533000000054,3,12,11344,"26485-3"
"179","pam_kluster_mean",9,0.0277199999982258,3,6,11344,"26485-3"
"180","ap_kluster_mean",9,0.0408900000026915,3,6,11344,"26485-3"
"181","BIC_kluster_frq",3,0.0822700000007171,3,0,11344,"26485-3"
"182","cal_kluster_frq",15,1.14533000000054,3,12,11344,"26485-3"
"183","pam_kluster_frq",10,0.0277199999982258,3,7,11344,"26485-3"
"184","ap_kluster_frq",9,0.0408900000026915,3,6,11344,"26485-3"
"185","BIC_kluster_mean",3,0.139230000003008,3,0,11033,"26499-4"
"186","cal_kluster_mean",15,1.37752999999735,3,12,11033,"26499-4"
"187","pam_kluster_mean",4,0.0404200000019046,3,1,11033,"26499-4"
"188","ap_kluster_mean",9,0.0391399999987334,3,6,11033,"26499-4"
"189","BIC_kluster_frq",3,0.139230000003008,3,0,11033,"26499-4"
"190","cal_kluster_frq",15,1.37752999999735,3,12,11033,"26499-4"
"191","pam_kluster_frq",2,0.0404200000019046,3,-1,11033,"26499-4"
"192","ap_kluster_frq",9,0.0391399999987334,3,6,11033,"26499-4"
"193","BIC_kluster_mean",3,0.142129999999888,3,0,11340,"26511-6"
"194","cal_kluster_mean",15,1.24457000000228,3,12,11340,"26511-6"
"195","pam_kluster_mean",7,0.0382299999980023,3,4,11340,"26511-6"
"196","ap_kluster_mean",8,0.0393499999999767,3,5,11340,"26511-6"
"197","BIC_kluster_frq",3,0.142129999999888,3,0,11340,"26511-6"
"198","cal_kluster_frq",15,1.24457000000228,3,12,11340,"26511-6"
"199","pam_kluster_frq",10,0.0382299999980023,3,7,11340,"26511-6"
"200","ap_kluster_frq",8,0.0393499999999767,3,5,11340,"26511-6"
"201","BIC_kluster_mean",3,0.117769999999437,3,0,13054,"2777-1"
"202","cal_kluster_mean",15,1.08086000000127,3,12,13054,"2777-1"
"203","pam_kluster_mean",8,0.0265599999984261,3,5,13054,"2777-1"
"204","ap_kluster_mean",9,0.0524700000003213,3,6,13054,"2777-1"
"205","BIC_kluster_frq",3,0.117769999999437,3,0,13054,"2777-1"
"206","cal_kluster_frq",15,1.08086000000127,3,12,13054,"2777-1"
"207","pam_kluster_frq",10,0.0265599999984261,3,7,13054,"2777-1"
"208","ap_kluster_frq",8,0.0524700000003213,3,5,13054,"2777-1"
"209","BIC_kluster_mean",3,0.0975300000043353,3,0,34576,"2823-3"
"210","cal_kluster_mean",15,0.963830000004964,3,12,34576,"2823-3"
"211","pam_kluster_mean",10,0.0207099999964703,3,7,34576,"2823-3"
"212","ap_kluster_mean",7,0.0574799999978859,3,4,34576,"2823-3"
"213","BIC_kluster_frq",3,0.0975300000043353,3,0,34576,"2823-3"
"214","cal_kluster_frq",15,0.963830000004964,3,12,34576,"2823-3"
"215","pam_kluster_frq",10,0.0207099999964703,3,7,34576,"2823-3"
"216","ap_kluster_frq",7,0.0574799999978859,3,4,34576,"2823-3"
"217","BIC_kluster_mean",3,0.120339999997523,3,0,16636,"2885-2"
"218","cal_kluster_mean",15,1.05683000000136,3,12,16636,"2885-2"
"219","pam_kluster_mean",7,0.0250900000025285,3,4,16636,"2885-2"
"220","ap_kluster_mean",8,0.0522500000015134,3,5,16636,"2885-2"
"221","BIC_kluster_frq",3,0.120339999997523,3,0,16636,"2885-2"
"222","cal_kluster_frq",15,1.05683000000136,3,12,16636,"2885-2"
"223","pam_kluster_frq",10,0.0250900000025285,3,7,16636,"2885-2"
"224","ap_kluster_frq",8,0.0522500000015134,3,5,16636,"2885-2"
"225","BIC_kluster_mean",8,0.0647700000042096,3,5,696,"2888-6"
"226","cal_kluster_mean",15,1.08953000000387,3,12,696,"2888-6"
"227","pam_kluster_mean",2,0.0188999999978114,3,-1,696,"2888-6"
"228","ap_kluster_mean",13,0.0632999999995809,3,10,696,"2888-6"
"229","BIC_kluster_frq",3,0.0647700000042096,3,0,696,"2888-6"
"230","cal_kluster_frq",15,1.08953000000387,3,12,696,"2888-6"
"231","pam_kluster_frq",2,0.0188999999978114,3,-1,696,"2888-6"
"232","ap_kluster_frq",13,0.0632999999995809,3,10,696,"2888-6"
"233","BIC_kluster_mean",3,0.0760799999994924,3,0,2155,"2947-0"
"234","cal_kluster_mean",15,1.03801999999967,3,12,2155,"2947-0"
"235","pam_kluster_mean",9,0.0224099999997998,3,6,2155,"2947-0"
"236","ap_kluster_mean",9,0.0574500000016997,3,6,2155,"2947-0"
"237","BIC_kluster_frq",3,0.0760799999994924,3,0,2155,"2947-0"
"238","cal_kluster_frq",15,1.03801999999967,3,12,2155,"2947-0"
"239","pam_kluster_frq",10,0.0224099999997998,3,7,2155,"2947-0"
"240","ap_kluster_frq",9,0.0574500000016997,3,6,2155,"2947-0"
"241","BIC_kluster_mean",3,0.0608299999992596,3,0,34098,"2951-2"
"242","cal_kluster_mean",15,0.928170000000973,3,12,34098,"2951-2"
"243","pam_kluster_mean",10,0.0182399999978952,3,7,34098,"2951-2"
"244","ap_kluster_mean",8,0.0598500000021886,3,5,34098,"2951-2"
"245","BIC_kluster_frq",3,0.0608299999992596,3,0,34098,"2951-2"
"246","cal_kluster_frq",15,0.928170000000973,3,12,34098,"2951-2"
"247","pam_kluster_frq",10,0.0182399999978952,3,7,34098,"2951-2"
"248","ap_kluster_frq",8,0.0598500000021886,3,5,34098,"2951-2"
"249","BIC_kluster_mean",3,0.140120000001043,3,0,2070,"30313-1"
"250","cal_kluster_mean",15,1.05987000000139,3,12,2070,"30313-1"
"251","pam_kluster_mean",4,0.032999999995809,3,1,2070,"30313-1"
"252","ap_kluster_mean",7,0.0398500000010245,3,4,2070,"30313-1"
"253","BIC_kluster_frq",3,0.140120000001043,3,0,2070,"30313-1"
"254","cal_kluster_frq",15,1.05987000000139,3,12,2070,"30313-1"
"255","pam_kluster_frq",2,0.032999999995809,3,-1,2070,"30313-1"
"256","ap_kluster_frq",7,0.0398500000010245,3,4,2070,"30313-1"
"257","BIC_kluster_mean",3,0.127950000001583,3,0,302,"30350-3"
"258","cal_kluster_mean",15,1.04291000000143,3,12,302,"30350-3"
"259","pam_kluster_mean",6,0.0323600000026636,3,3,302,"30350-3"
"260","ap_kluster_mean",7,0.0435399999946821,3,4,302,"30350-3"
"261","BIC_kluster_frq",3,0.127950000001583,3,0,302,"30350-3"
"262","cal_kluster_frq",15,1.04291000000143,3,12,302,"30350-3"
"263","pam_kluster_frq",2,0.0323600000026636,3,-1,302,"30350-3"
"264","ap_kluster_frq",7,0.0435399999946821,3,4,302,"30350-3"
"265","BIC_kluster_mean",3,0.154529999998631,3,0,1654,"3084-1"
"266","cal_kluster_mean",15,1.09145000000135,3,12,1654,"3084-1"
"267","pam_kluster_mean",7,0.0336100000003353,3,4,1654,"3084-1"
"268","ap_kluster_mean",8,0.0423100000020349,3,5,1654,"3084-1"
"269","BIC_kluster_frq",3,0.154529999998631,3,0,1654,"3084-1"
"270","cal_kluster_frq",15,1.09145000000135,3,12,1654,"3084-1"
"271","pam_kluster_frq",10,0.0336100000003353,3,7,1654,"3084-1"
"272","ap_kluster_frq",7,0.0423100000020349,3,4,1654,"3084-1"
"273","BIC_kluster_mean",3,0.060710000001709,3,0,33827,"3094-0"
"274","cal_kluster_mean",15,1.04638999999617,3,12,33827,"3094-0"
"275","pam_kluster_mean",3,0.0258399999979883,3,0,33827,"3094-0"
"276","ap_kluster_mean",10,0.0542599999980303,3,7,33827,"3094-0"
"277","BIC_kluster_frq",3,0.060710000001709,3,0,33827,"3094-0"
"278","cal_kluster_frq",15,1.04638999999617,3,12,33827,"3094-0"
"279","pam_kluster_frq",2,0.0258399999979883,3,-1,33827,"3094-0"
"280","ap_kluster_frq",9,0.0542599999980303,3,6,33827,"3094-0"
"281","BIC_kluster_mean",5,0.0705799999990268,3,2,798,"33762-6"
"282","cal_kluster_mean",13,1.57418000000063,3,10,798,"33762-6"
"283","pam_kluster_mean",2,0.033169999999227,3,-1,798,"33762-6"
"284","ap_kluster_mean",12,0.0546000000025379,3,9,798,"33762-6"
"285","BIC_kluster_frq",5,0.0705799999990268,3,2,798,"33762-6"
"286","cal_kluster_frq",15,1.57418000000063,3,12,798,"33762-6"
"287","pam_kluster_frq",2,0.033169999999227,3,-1,798,"33762-6"
"288","ap_kluster_frq",12,0.0546000000025379,3,9,798,"33762-6"
"289","BIC_kluster_mean",11,0.104940000002971,3,8,33211,"33914-3"
"290","cal_kluster_mean",15,0.946499999999651,3,12,33211,"33914-3"
"291","pam_kluster_mean",7,0.0168799999990733,3,4,33211,"33914-3"
"292","ap_kluster_mean",22,0.13984999999986,3,19,33211,"33914-3"
"293","BIC_kluster_frq",12,0.104940000002971,3,9,33211,"33914-3"
"294","cal_kluster_frq",15,0.946499999999651,3,12,33211,"33914-3"
"295","pam_kluster_frq",10,0.0168799999990733,3,7,33211,"33914-3"
"296","ap_kluster_frq",35,0.13984999999986,3,32,33211,"33914-3"
"297","BIC_kluster_mean",3,0.0682900000002701,3,0,2138,"4537-7"
"298","cal_kluster_mean",15,1.12368000000017,3,12,2138,"4537-7"
"299","pam_kluster_mean",3,0.0293800000002375,3,0,2138,"4537-7"
"300","ap_kluster_mean",9,0.0509599999984493,3,6,2138,"4537-7"
"301","BIC_kluster_frq",3,0.0682900000002701,3,0,2138,"4537-7"
"302","cal_kluster_frq",15,1.12368000000017,3,12,2138,"4537-7"
"303","pam_kluster_frq",2,0.0293800000002375,3,-1,2138,"4537-7"
"304","ap_kluster_frq",8,0.0509599999984493,3,5,2138,"4537-7"
"305","BIC_kluster_mean",3,0.149030000000494,3,0,33307,"4544-3"
"306","cal_kluster_mean",15,1.20716999999946,3,12,33307,"4544-3"
"307","pam_kluster_mean",4,0.0398199999972712,3,1,33307,"4544-3"
"308","ap_kluster_mean",7,0.0328800000058254,3,4,33307,"4544-3"
"309","BIC_kluster_frq",3,0.149030000000494,3,0,33307,"4544-3"
"310","cal_kluster_frq",15,1.20716999999946,3,12,33307,"4544-3"
"311","pam_kluster_frq",2,0.0398199999972712,3,-1,33307,"4544-3"
"312","ap_kluster_frq",7,0.0328800000058254,3,4,33307,"4544-3"
"313","BIC_kluster_mean",3,0.0856100000062725,3,0,4005,"4548-4"
"314","cal_kluster_mean",15,1.08087000000058,3,12,4005,"4548-4"
"315","pam_kluster_mean",3,0.0275599999970291,3,0,4005,"4548-4"
"316","ap_kluster_mean",9,0.0553399999986868,3,6,4005,"4548-4"
"317","BIC_kluster_frq",3,0.0856100000062725,3,0,4005,"4548-4"
"318","cal_kluster_frq",15,1.08087000000058,3,12,4005,"4548-4"
"319","pam_kluster_frq",2,0.0275599999970291,3,-1,4005,"4548-4"
"320","ap_kluster_frq",8,0.0553399999986868,3,5,4005,"4548-4"
"321","BIC_kluster_mean",3,0.14613999999885,3,0,6396,"5905-5"
"322","cal_kluster_mean",15,1.25228000000352,3,12,6396,"5905-5"
"323","pam_kluster_mean",6,0.0352000000001863,3,3,6396,"5905-5"
"324","ap_kluster_mean",8,0.041869999995688,3,5,6396,"5905-5"
"325","BIC_kluster_frq",3,0.14613999999885,3,0,6396,"5905-5"
"326","cal_kluster_frq",15,1.25228000000352,3,12,6396,"5905-5"
"327","pam_kluster_frq",2,0.0352000000001863,3,-1,6396,"5905-5"
"328","ap_kluster_frq",8,0.041869999995688,3,5,6396,"5905-5"
"329","BIC_kluster_mean",3,0.100719999996363,3,0,3244,"6298-4"
"330","cal_kluster_mean",15,1.00008000000264,3,12,3244,"6298-4"
"331","pam_kluster_mean",8,0.0245300000003772,3,5,3244,"6298-4"
"332","ap_kluster_mean",8,0.0520500000024913,3,5,3244,"6298-4"
"333","BIC_kluster_frq",3,0.100719999996363,3,0,3244,"6298-4"
"334","cal_kluster_frq",15,1.00008000000264,3,12,3244,"6298-4"
"335","pam_kluster_frq",10,0.0245300000003772,3,7,3244,"6298-4"
"336","ap_kluster_frq",7,0.0520500000024913,3,4,3244,"6298-4"
"337","BIC_kluster_mean",5,0.046019999999553,3,2,13466,"6301-6"
"338","cal_kluster_mean",15,0.926429999996326,3,12,13466,"6301-6"
"339","pam_kluster_mean",8,0.0203400000027614,3,5,13466,"6301-6"
"340","ap_kluster_mean",9,0.0592199999990407,3,6,13466,"6301-6"
"341","BIC_kluster_frq",3,0.046019999999553,3,0,13466,"6301-6"
"342","cal_kluster_frq",15,0.926429999996326,3,12,13466,"6301-6"
"343","pam_kluster_frq",10,0.0203400000027614,3,7,13466,"6301-6"
"344","ap_kluster_frq",9,0.0592199999990407,3,6,13466,"6301-6"
"345","BIC_kluster_mean",6,0.0487099999986822,3,3,2007,"6598-7"
"346","cal_kluster_mean",15,1.03327999999456,3,12,2007,"6598-7"
"347","pam_kluster_mean",2,0.0198600000009174,3,-1,2007,"6598-7"
"348","ap_kluster_mean",16,0.0696300000027986,3,13,2007,"6598-7"
"349","BIC_kluster_frq",3,0.0487099999986822,3,0,2007,"6598-7"
"350","cal_kluster_frq",15,1.03327999999456,3,12,2007,"6598-7"
"351","pam_kluster_frq",2,0.0198600000009174,3,-1,2007,"6598-7"
"352","ap_kluster_frq",16,0.0696300000027986,3,13,2007,"6598-7"
"353","BIC_kluster_mean",3,0.132460000000428,3,0,33102,"6690-2"
"354","cal_kluster_mean",15,1.31085000000312,3,12,33102,"6690-2"
"355","pam_kluster_mean",5,0.0399699999974109,3,2,33102,"6690-2"
"356","ap_kluster_mean",9,0.0353699999972014,3,6,33102,"6690-2"
"357","BIC_kluster_frq",3,0.132460000000428,3,0,33102,"6690-2"
"358","cal_kluster_frq",15,1.31085000000312,3,12,33102,"6690-2"
"359","pam_kluster_frq",2,0.0399699999974109,3,-1,33102,"6690-2"
"360","ap_kluster_frq",9,0.0353699999972014,3,6,33102,"6690-2"
"361","BIC_kluster_mean",3,0.0839400000020396,3,0,16127,"6768-6"
"362","cal_kluster_mean",15,1.40817999999796,3,12,16127,"6768-6"
"363","pam_kluster_mean",3,0.0327500000002328,3,0,16127,"6768-6"
"364","ap_kluster_mean",11,0.0524999999982538,3,8,16127,"6768-6"
"365","BIC_kluster_frq",3,0.0839400000020396,3,0,16127,"6768-6"
"366","cal_kluster_frq",15,1.40817999999796,3,12,16127,"6768-6"
"367","pam_kluster_frq",2,0.0327500000002328,3,-1,16127,"6768-6"
"368","ap_kluster_frq",10,0.0524999999982538,3,7,16127,"6768-6"
"369","BIC_kluster_mean",3,0.102559999999939,3,0,6423,"711-2"
"370","cal_kluster_mean",15,1.12547000000312,3,12,6423,"711-2"
"371","pam_kluster_mean",4,0.0288699999987148,3,1,6423,"711-2"
"372","ap_kluster_mean",8,0.052939999999362,3,5,6423,"711-2"
"373","BIC_kluster_frq",3,0.102559999999939,3,0,6423,"711-2"
"374","cal_kluster_frq",15,1.12547000000312,3,12,6423,"711-2"
"375","pam_kluster_frq",2,0.0288699999987148,3,-1,6423,"711-2"
"376","ap_kluster_frq",8,0.052939999999362,3,5,6423,"711-2"
"377","BIC_kluster_mean",3,0.0997599999961676,3,0,6382,"713-8"
"378","cal_kluster_mean",15,1.08807000000088,3,12,6382,"713-8"
"379","pam_kluster_mean",5,0.0310800000053132,3,2,6382,"713-8"
"380","ap_kluster_mean",8,0.04629999999539,3,5,6382,"713-8"
"381","BIC_kluster_frq",3,0.0997599999961676,3,0,6382,"713-8"
"382","cal_kluster_frq",15,1.08807000000088,3,12,6382,"713-8"
"383","pam_kluster_frq",2,0.0310800000053132,3,-1,6382,"713-8"
"384","ap_kluster_frq",9,0.04629999999539,3,6,6382,"713-8"
"385","BIC_kluster_mean",3,0.145990000001038,3,0,34699,"718-7"
"386","cal_kluster_mean",15,1.13248000000487,3,12,34699,"718-7"
"387","pam_kluster_mean",4,0.0338899999979185,3,1,34699,"718-7"
"388","ap_kluster_mean",7,0.0385499999974854,3,4,34699,"718-7"
"389","BIC_kluster_frq",3,0.145990000001038,3,0,34699,"718-7"
"390","cal_kluster_frq",15,1.13248000000487,3,12,34699,"718-7"
"391","pam_kluster_frq",2,0.0338899999979185,3,-1,34699,"718-7"
"392","ap_kluster_frq",7,0.0385499999974854,3,4,34699,"718-7"
"393","BIC_kluster_mean",3,0.10311999999918,3,0,6688,"731-0"
"394","cal_kluster_mean",15,1.27913999999757,3,12,6688,"731-0"
"395","pam_kluster_mean",3,0.034350000002305,3,0,6688,"731-0"
"396","ap_kluster_mean",9,0.0349300000007497,3,6,6688,"731-0"
"397","BIC_kluster_frq",3,0.10311999999918,3,0,6688,"731-0"
"398","cal_kluster_frq",15,1.27913999999757,3,12,6688,"731-0"
"399","pam_kluster_frq",2,0.034350000002305,3,-1,6688,"731-0"
"400","ap_kluster_frq",9,0.0349300000007497,3,6,6688,"731-0"
"401","BIC_kluster_mean",3,0.14561000000278,3,0,6458,"736-9"
"402","cal_kluster_mean",15,1.16506000000169,3,12,6458,"736-9"
"403","pam_kluster_mean",5,0.0407699999975739,3,2,6458,"736-9"
"404","ap_kluster_mean",7,0.029419999999227,3,4,6458,"736-9"
"405","BIC_kluster_frq",3,0.14561000000278,3,0,6458,"736-9"
"406","cal_kluster_frq",15,1.16506000000169,3,12,6458,"736-9"
"407","pam_kluster_frq",2,0.0407699999975739,3,-1,6458,"736-9"
"408","ap_kluster_frq",7,0.029419999999227,3,4,6458,"736-9"
"409","BIC_kluster_mean",3,0.104139999999315,3,0,1976,"737-7"
"410","cal_kluster_mean",15,1.16542999999947,3,12,1976,"737-7"
"411","pam_kluster_mean",5,0.0347300000023097,3,2,1976,"737-7"
"412","ap_kluster_mean",8,0.0439199999981793,3,5,1976,"737-7"
"413","BIC_kluster_frq",3,0.104139999999315,3,0,1976,"737-7"
"414","cal_kluster_frq",15,1.16542999999947,3,12,1976,"737-7"
"415","pam_kluster_frq",2,0.0347300000023097,3,-1,1976,"737-7"
"416","ap_kluster_frq",7,0.0439199999981793,3,4,1976,"737-7"
"417","BIC_kluster_mean",3,0.340230000002775,3,0,6238,"742-7"
"418","cal_kluster_mean",15,1.18245000000112,3,12,6238,"742-7"
"419","pam_kluster_mean",5,0.0346100000012666,3,2,6238,"742-7"
"420","ap_kluster_mean",8,0.0416099999978906,3,5,6238,"742-7"
"421","BIC_kluster_frq",3,0.340230000002775,3,0,6238,"742-7"
"422","cal_kluster_frq",15,1.18245000000112,3,12,6238,"742-7"
"423","pam_kluster_frq",2,0.0346100000012666,3,-1,6238,"742-7"
"424","ap_kluster_frq",8,0.0416099999978906,3,5,6238,"742-7"
"425","BIC_kluster_mean",3,0.0602600000042003,3,0,1370,"744-3"
"426","cal_kluster_mean",15,0.965130000000354,3,12,1370,"744-3"
"427","pam_kluster_mean",9,0.0217699999944307,3,6,1370,"744-3"
"428","ap_kluster_mean",8,0.0580600000021514,3,5,1370,"744-3"
"429","BIC_kluster_frq",3,0.0602600000042003,3,0,1370,"744-3"
"430","cal_kluster_frq",15,0.965130000000354,3,12,1370,"744-3"
"431","pam_kluster_frq",10,0.0217699999944307,3,7,1370,"744-3"
"432","ap_kluster_frq",8,0.0580600000021514,3,5,1370,"744-3"
"433","BIC_kluster_mean",3,0.152190000004484,3,0,6240,"770-8"
"434","cal_kluster_mean",15,1.20519000000204,3,12,6240,"770-8"
"435","pam_kluster_mean",7,0.0417699999996694,3,4,6240,"770-8"
"436","ap_kluster_mean",8,0.0332199999934528,3,5,6240,"770-8"
"437","BIC_kluster_frq",3,0.152190000004484,3,0,6240,"770-8"
"438","cal_kluster_frq",15,1.20519000000204,3,12,6240,"770-8"
"439","pam_kluster_frq",10,0.0417699999996694,3,7,6240,"770-8"
"440","ap_kluster_frq",8,0.0332199999934528,3,5,6240,"770-8"
"441","BIC_kluster_mean",3,0.121750000001048,3,0,33383,"777-3"
"442","cal_kluster_mean",15,1.24791999999667,3,12,33383,"777-3"
"443","pam_kluster_mean",7,0.0408000000024913,3,4,33383,"777-3"
"444","ap_kluster_mean",8,0.0337600000028033,3,5,33383,"777-3"
"445","BIC_kluster_frq",3,0.121750000001048,3,0,33383,"777-3"
"446","cal_kluster_frq",15,1.24791999999667,3,12,33383,"777-3"
"447","pam_kluster_frq",10,0.0408000000024913,3,7,33383,"777-3"
"448","ap_kluster_frq",8,0.0337600000028033,3,5,33383,"777-3"
"449","BIC_kluster_mean",3,0.155300000002608,3,0,33109,"785-6"
"450","cal_kluster_mean",15,1.16785999999905,3,12,33109,"785-6"
"451","pam_kluster_mean",7,0.0327799999987474,3,4,33109,"785-6"
"452","ap_kluster_mean",9,0.046080000004149,3,6,33109,"785-6"
"453","BIC_kluster_frq",3,0.155300000002608,3,0,33109,"785-6"
"454","cal_kluster_frq",15,1.16785999999905,3,12,33109,"785-6"
"455","pam_kluster_frq",10,0.0327799999987474,3,7,33109,"785-6"
"456","ap_kluster_frq",9,0.046080000004149,3,6,33109,"785-6"
"457","BIC_kluster_mean",3,0.148539999999921,3,0,33197,"786-4"
"458","cal_kluster_mean",15,1.10468000000226,3,12,33197,"786-4"
"459","pam_kluster_mean",7,0.0303499999968335,3,4,33197,"786-4"
"460","ap_kluster_mean",8,0.0460600000002887,3,5,33197,"786-4"
"461","BIC_kluster_frq",3,0.148539999999921,3,0,33197,"786-4"
"462","cal_kluster_frq",15,1.10468000000226,3,12,33197,"786-4"
"463","pam_kluster_frq",10,0.0303499999968335,3,7,33197,"786-4"
"464","ap_kluster_frq",7,0.0460600000002887,3,4,33197,"786-4"
"465","BIC_kluster_mean",3,0.117860000000219,3,0,32852,"787-2"
"466","cal_kluster_mean",15,1.13649999999267,3,12,32852,"787-2"
"467","pam_kluster_mean",8,0.0346000000048662,3,5,32852,"787-2"
"468","ap_kluster_mean",9,0.0395200000028126,3,6,32852,"787-2"
"469","BIC_kluster_frq",3,0.117860000000219,3,0,32852,"787-2"
"470","cal_kluster_frq",15,1.13649999999267,3,12,32852,"787-2"
"471","pam_kluster_frq",10,0.0346000000048662,3,7,32852,"787-2"
"472","ap_kluster_frq",9,0.0395200000028126,3,6,32852,"787-2"
"473","BIC_kluster_mean",3,0.220059999997611,3,0,32672,"789-8"
"474","cal_kluster_mean",15,1.2012299999973,3,12,32672,"789-8"
"475","pam_kluster_mean",4,0.040920000000624,3,1,32672,"789-8"
"476","ap_kluster_mean",7,0.0313800000038464,3,4,32672,"789-8"
"477","BIC_kluster_frq",3,0.220059999997611,3,0,32672,"789-8"
"478","cal_kluster_frq",15,1.2012299999973,3,12,32672,"789-8"
"479","pam_kluster_frq",2,0.040920000000624,3,-1,32672,"789-8"
"480","ap_kluster_frq",7,0.0313800000038464,3,4,32672,"789-8"
"481","BIC_kluster_mean",3,0.113759999999311,3,0,3723,"9830-1"
"482","cal_kluster_mean",15,1.07215000000026,3,12,3723,"9830-1"
"483","pam_kluster_mean",4,0.0282999999984168,3,1,3723,"9830-1"
"484","ap_kluster_mean",8,0.0497400000004563,3,5,3723,"9830-1"
"485","BIC_kluster_frq",3,0.113759999999311,3,0,3723,"9830-1"
"486","cal_kluster_frq",15,1.07215000000026,3,12,3723,"9830-1"
"487","pam_kluster_frq",2,0.0282999999984168,3,-1,3723,"9830-1"
"488","ap_kluster_frq",8,0.0497400000004563,3,5,3723,"9830-1"
"489","BIC_kluster_mean",3,0.128299999994924,3,0,3593,"LDL"
"490","cal_kluster_mean",15,1.15744000000239,3,12,3593,"LDL"
"491","pam_kluster_mean",6,0.0349000000039814,3,3,3593,"LDL"
"492","ap_kluster_mean",8,0.0386900000000605,3,5,3593,"LDL"
"493","BIC_kluster_frq",3,0.128299999994924,3,0,3593,"LDL"
"494","cal_kluster_frq",15,1.15744000000239,3,12,3593,"LDL"
"495","pam_kluster_frq",2,0.0349000000039814,3,-1,3593,"LDL"
"496","ap_kluster_frq",7,0.0386900000000605,3,4,3593,"LDL"
"497","BIC_kluster_mean",3,0.111760000002105,3,0,10674,"LP120568-3"
"498","cal_kluster_mean",15,1.30731000000029,3,12,10674,"LP120568-3"
"499","pam_kluster_mean",2,0.0381799999944633,3,-1,10674,"LP120568-3"
"500","ap_kluster_mean",9,0.0434700000000885,3,6,10674,"LP120568-3"
"501","BIC_kluster_frq",3,0.111760000002105,3,0,10674,"LP120568-3"
"502","cal_kluster_frq",15,1.30731000000029,3,12,10674,"LP120568-3"
"503","pam_kluster_frq",2,0.0381799999944633,3,-1,10674,"LP120568-3"
"504","ap_kluster_frq",10,0.0434700000000885,3,7,10674,"LP120568-3"
"505","BIC_kluster_mean",3,0.0928399999986868,3,0,34988,"LP42107-0"
"506","cal_kluster_mean",15,1.2123199999996,3,12,34988,"LP42107-0"
"507","pam_kluster_mean",3,0.0344500000047265,3,0,34988,"LP42107-0"
"508","ap_kluster_mean",10,0.0448300000006566,3,7,34988,"LP42107-0"
"509","BIC_kluster_frq",3,0.0928399999986868,3,0,34988,"LP42107-0"
"510","cal_kluster_frq",15,1.2123199999996,3,12,34988,"LP42107-0"
"511","pam_kluster_frq",2,0.0344500000047265,3,-1,34988,"LP42107-0"
"512","ap_kluster_frq",10,0.0448300000006566,3,7,34988,"LP42107-0"
"513","BIC_kluster_mean",3,0.118499999995693,3,0,31562,"LP46692-7"
"514","cal_kluster_mean",15,1.08065000000293,3,12,31562,"LP46692-7"
"515","pam_kluster_mean",3,0.0323899999982677,3,0,31562,"LP46692-7"
"516","ap_kluster_mean",8,0.0443100000004051,3,5,31562,"LP46692-7"
"517","BIC_kluster_frq",3,0.118499999995693,3,0,31562,"LP46692-7"
"518","cal_kluster_frq",15,1.08065000000293,3,12,31562,"LP46692-7"
"519","pam_kluster_frq",2,0.0323899999982677,3,-1,31562,"LP46692-7"
"520","ap_kluster_frq",8,0.0443100000004051,3,5,31562,"LP46692-7"
"521","BIC_kluster_mean",3,0.111819999994477,3,0,6505,"LP47720-5"
"522","cal_kluster_mean",15,1.38906000000308,3,12,6505,"LP47720-5"
"523","pam_kluster_mean",3,0.0385500000038883,3,0,6505,"LP47720-5"
"524","ap_kluster_mean",10,0.037979999994277,3,7,6505,"LP47720-5"
"525","BIC_kluster_frq",3,0.111819999994477,3,0,6505,"LP47720-5"
"526","cal_kluster_frq",15,1.38906000000308,3,12,6505,"LP47720-5"
"527","pam_kluster_frq",2,0.0385500000038883,3,-1,6505,"LP47720-5"
"528","ap_kluster_frq",10,0.037979999994277,3,7,6505,"LP47720-5"
"529","BIC_kluster_mean",3,0.104740000001038,3,0,1283,"LP7536-8"
"530","cal_kluster_mean",15,1.05574999999953,3,12,1283,"LP7536-8"
"531","pam_kluster_mean",3,0.0301300000015181,3,0,1283,"LP7536-8"
"532","ap_kluster_mean",8,0.0467299999971874,3,5,1283,"LP7536-8"
"533","BIC_kluster_frq",3,0.104740000001038,3,0,1283,"LP7536-8"
"534","cal_kluster_frq",15,1.05574999999953,3,12,1283,"LP7536-8"
"535","pam_kluster_frq",2,0.0301300000015181,3,-1,1283,"LP7536-8"
"536","ap_kluster_frq",8,0.0467299999971874,3,5,1283,"LP7536-8"
"537","BIC_kluster_mean",3,0.109610000000102,3,0,5576,"LP99408-4"
"538","cal_kluster_mean",15,1.10956000000064,3,12,5576,"LP99408-4"
"539","pam_kluster_mean",6,0.0313699999958044,3,3,5576,"LP99408-4"
"540","ap_kluster_mean",8,0.0438999999995576,3,5,5576,"LP99408-4"
"541","BIC_kluster_frq",3,0.109610000000102,3,0,5576,"LP99408-4"
"542","cal_kluster_frq",15,1.10956000000064,3,12,5576,"LP99408-4"
"543","pam_kluster_frq",2,0.0313699999958044,3,-1,5576,"LP99408-4"
"544","ap_kluster_frq",7,0.0438999999995576,3,4,5576,"LP99408-4"
